,Image,Label
0,E13_029.jpg,0
1,E13_030.jpg,0
2,E13_031.jpg,0
3,E13_032.jpg,0
4,E13_033.jpg,0
5,E13_034.jpg,0
6,E13_035.jpg,0
7,E13_036.jpg,0
8,E13_037.jpg,0
9,E13_038.jpg,1
10,E13_039.jpg,1
11,E13_040.jpg,0
12,E13_041.jpg,0
13,E13_042.jpg,0
14,E13_043.jpg,0
15,E13_044.jpg,1
16,E13_045.jpg,1
17,E13_046.jpg,1
18,E13_047.jpg,1
19,E13_048.jpg,0
20,E13_049.jpg,1
21,E13_050.jpg,1
22,E13_051.jpg,1
23,E13_052.jpg,1
24,E13_053.jpg,1
25,E13_054.jpg,1
26,E13_055.jpg,1
27,E13_056.jpg,0
28,E13_057.jpg,1
29,E13_058.jpg,0
30,E13_059.jpg,1
31,E13_060.jpg,1
32,E13_061.jpg,1
33,E13_062.jpg,1
34,E13_063.jpg,1
35,E13_064.jpg,1
36,E13_065.jpg,0
37,E13_066.jpg,1
38,E13_067.jpg,1
39,E13_068.jpg,1
40,E13_069.jpg,0
41,E13_070.jpg,0
42,E13_071.jpg,0
43,E13_072.jpg,0
44,E13_073.jpg,1
45,E13_074.jpg,0
46,E13_075.jpg,1
47,E13_076.jpg,0
48,E13_077.jpg,1
49,E13_078.jpg,1
50,E13_079.jpg,1
51,E13_080.jpg,0
52,E13_081.jpg,1
53,E13_082.jpg,1
54,E13_083.jpg,1
55,E13_084.jpg,1
56,E13_085.jpg,1
57,E13_086.jpg,0
58,E13_087.jpg,0
59,E13_088.jpg,0
60,E13_089.jpg,0
61,E13_090.jpg,1
62,E13_091.jpg,1
63,E13_026.jpg,0
64,E13_027.jpg,1
65,E13_028.jpg,1
66,E1W_147.jpg,0
67,E1W_148.jpg,0
68,E1W_150.jpg,1
69,E1W_151.jpg,0
70,E1W_152.jpg,0
71,E1W_153.jpg,1
72,E1W_154.jpg,0
73,E1W_155.jpg,0
74,E1W_156.jpg,1
75,E1W_157.jpg,1
76,E1W_158.jpg,1
77,E1W_159.jpg,1
78,E1W_160.jpg,0
79,E1W_161.jpg,1
80,E1W_162.jpg,0
81,E1W_163.jpg,0
82,E1W_164.jpg,0
83,E1W_165.jpg,0
84,E1W_166.jpg,0
85,E1W_167.jpg,0
86,E1W_168.jpg,0
87,E1W_169.jpg,1
88,E1W_170.jpg,1
89,E1W_171.jpg,1
90,E1W_172.jpg,0
91,E1W_174.jpg,0
92,E1W_175.jpg,1
93,E1W_176.jpg,1
94,E1W_177.jpg,0
95,E1W_178.jpg,0
96,E1W_179.jpg,0
97,E1W_180.jpg,0
98,E1W_181.jpg,1
99,E1W_182.jpg,1
100,E1W_183.jpg,1
101,E1W_184.jpg,0
102,E1W_185.jpg,0
103,E1W_186.jpg,1
104,E1W_187.jpg,0
105,E1W_188.jpg,0
106,E1W_189.jpg,0
107,E1W_190.jpg,1
108,E1W_191.jpg,0
109,E1W_193.jpg,0
110,E1W_194.jpg,0
111,E1W_195.jpg,1
112,E20_000.jpg,0
113,E20_001.jpg,0
114,E20_002.jpg,0
115,E20_003.jpg,0
116,E20_004.jpg,0
117,E20_005.jpg,0
118,E20_006.jpg,1
119,E20_007.jpg,0
120,E20_008.jpg,0
121,E20_009.jpg,0
122,E20_010.jpg,0
123,E20_011.jpg,0
124,E20_012.jpg,0
125,E20_013.jpg,0
126,E20_014.jpg,0
127,E20_015.jpg,1
128,E20_016.jpg,1
129,E20_017.jpg,1
130,E20_018.jpg,1
131,E20_019.jpg,0
132,E20_020.jpg,1
133,E20_021.jpg,0
134,E20_022.jpg,1
135,E20_023.jpg,0
136,E20_024.jpg,0
137,E20_025.jpg,0
138,E2_092.jpg,1
139,E2_093.jpg,1
140,E2_094.jpg,1
141,E2_095.jpg,1
142,E2_096.jpg,1
143,E2_097.jpg,1
144,E2_098.jpg,0
145,E2_099.jpg,1
146,E2_100.jpg,0
147,E2_101.jpg,0
148,E2_102.jpg,0
149,E2_103.jpg,0
150,E2_104.jpg,0
151,E2_105.jpg,1
152,E2_106.jpg,0
153,E2_107.jpg,0
154,E2_108.jpg,0
155,E2_109.jpg,1
156,E2_110.jpg,1
157,E2_111.jpg,1
158,E2_112.jpg,1
159,E2_113.jpg,0
160,E2_114.jpg,0
161,E2_115.jpg,0
162,E2_116.jpg,0
163,E2_117.jpg,0
164,E2_118.jpg,1
165,E2_119.jpg,0
166,E2_120.jpg,0
167,E2_122.jpg,1
168,E2_123.jpg,0
169,E2_124.jpg,0
170,E2_125.jpg,1
171,E2_126.jpg,1
172,E2_127.jpg,0
173,E2_128.jpg,0
174,E2_129.jpg,0
175,E2_130.jpg,0
176,E2_131.jpg,0
177,E2_132.jpg,0
178,E2_133.jpg,1
179,E2_134.jpg,0
180,E2_135.jpg,1
181,E2_137.jpg,0
182,E2_138.jpg,1
183,E2_139.jpg,0
184,E2_140.jpg,0
185,E2_141.jpg,0
186,E2_142.jpg,0
187,E2_143.jpg,0
188,E2_144.jpg,0
189,E2_145.jpg,0
190,E2_146.jpg,0
191,NE18_388.jpg,1
192,NE18_389.jpg,1
193,NE18_390.jpg,1
194,NE18_391.jpg,0
195,NE18_392.jpg,0
196,NE18_395.jpg,0
197,NE18_397.jpg,1
198,NE18_398.jpg,0
199,NE18_399.jpg,0
200,NE18_400.jpg,1
201,NE18_401.jpg,0
202,NE18_402.jpg,0
203,NE18_404.jpg,0
204,NE18_405.jpg,1
205,NE18_406.jpg,1
206,NE18_408.jpg,0
207,NE18_409.jpg,0
208,NE18_410.jpg,0
209,NE18_411.jpg,0
210,NE18_412.jpg,1
211,NE18_413.jpg,0
212,NE40_414.jpg,0
213,NE40_415.jpg,0
214,NE40_416.jpg,0
215,NE40_417.jpg,0
216,NE40_418.jpg,0
217,NE40_419.jpg,1
218,NE40_420.jpg,0
219,NE40_421.jpg,1
220,NE40_422.jpg,0
221,NE40_423.jpg,0
222,NE40_425.jpg,1
223,NE40_426.jpg,0
224,NE40_427.jpg,1
225,NE40_428.jpg,0
226,NE40_429.jpg,1
227,NE40_430.jpg,1
228,NE40_431.jpg,1
229,NE40_432.jpg,1
230,NE40_433.jpg,0
231,NE40_434.jpg,0
232,NE40_437.jpg,1
233,NE40_438.jpg,1
234,NE40_439.jpg,0
235,NE40_440.jpg,1
236,NE40_441.jpg,1
237,NE40_442.jpg,0
238,NE40_443.jpg,1
239,NE40_444.jpg,0
240,NE40_445.jpg,0
241,NE40_447.jpg,1
242,NE40_448.jpg,1
243,NE40_449.jpg,0
244,NE40_450.jpg,1
245,NE40_451.jpg,1
246,NE40_452.jpg,1
247,NE40_453.jpg,0
248,NE40_454.jpg,0
249,NE40_455.jpg,1
250,NE40_456.jpg,1
251,NE40_457.jpg,1
252,NE40_458.jpg,1
253,NE40_459.jpg,0
254,NE40_460.jpg,1
255,NE40_461.jpg,1
256,NE40_462.jpg,1
257,NE40_463.jpg,0
258,NE40_464.jpg,1
259,NE40_465.jpg,0
260,NE40_466.jpg,1
261,NE40_467.jpg,1
262,NE40_468.jpg,1
263,NE40_469.jpg,1
264,NE40_470.jpg,1
265,NE40_471.jpg,0
266,NE40_472.jpg,1
267,NE40_474.jpg,0
268,NE45_540.jpg,0
269,NE45_541.jpg,0
270,NE45_542.jpg,0
271,NE45_543.jpg,0
272,NE45_545.jpg,0
273,NE45_546.jpg,1
274,NE45_547.jpg,0
275,NE45_548.jpg,1
276,NE45_549.jpg,0
277,NE45_550.jpg,1
278,NE45_551.jpg,0
279,NE45_552.jpg,0
280,NE45_553.jpg,1
281,NE45_554.jpg,0
282,NE45_555.jpg,0
283,NE45_557.jpg,0
284,NE45_558.jpg,0
285,NE45_559.jpg,1
286,NE45_561.jpg,0
287,NE45_562.jpg,0
288,NE45_563.jpg,0
289,NE45_564.jpg,0
290,NE45_565.jpg,1
291,NE45_566.jpg,1
292,NE45_568.jpg,0
293,NE45_569.jpg,1
294,NE45_570.jpg,0
295,NE45_571.jpg,0
296,NE45_572.jpg,1
297,NE45_574.jpg,0
298,NE45_575.jpg,0
299,NE45_576.jpg,0
300,NE45_577.jpg,0
301,NE66_475.jpg,0
302,NE66_476.jpg,1
303,NE66_478.jpg,0
304,NE66_479.jpg,0
305,NE66_481.jpg,0
306,NE66_483.jpg,0
307,NE66_484.jpg,0
308,NE66_485.jpg,0
309,NE66_486.jpg,0
310,NE66_487.jpg,0
311,NE66_488.jpg,0
312,NE66_489.jpg,0
313,NE66_490.jpg,0
314,NE66_491.jpg,0
315,NE66_492.jpg,0
316,NE66_493.jpg,0
317,NE66_494.jpg,0
318,NE66_495.jpg,0
319,NE66_496.jpg,0
320,NE66_497.jpg,0
321,NE66_499.jpg,0
322,NE66_500.jpg,0
323,NE66_501.jpg,0
324,NE66_502.jpg,0
325,NE66_503.jpg,0
326,NE66_504.jpg,0
327,NE66_506.jpg,0
328,NE66_508.jpg,0
329,NE66_509.jpg,0
330,NE66_510.jpg,0
331,NE66_511.jpg,0
332,NE66_512.jpg,0
333,NE66_513.jpg,0
334,NE66_514.jpg,0
335,NE66_515.jpg,0
336,NE66_516.jpg,0
337,NE66_517.jpg,0
338,NE66_518.jpg,0
339,NE66_519.jpg,0
340,NE66_520.jpg,0
341,NE66_521.jpg,0
342,NE66_522.jpg,0
343,NE66_523.jpg,0
344,NE66_524.jpg,0
345,NE66_525.jpg,0
346,NE66_526.jpg,0
347,NE66_527.jpg,0
348,NE66_528.jpg,0
349,NE66_529.jpg,0
350,NE66_530.jpg,0
351,NE66_531.jpg,0
352,NE66_532.jpg,0
353,NE66_533.jpg,0
354,NE66_534.jpg,0
355,NE66_535.jpg,0
356,NE66_536.jpg,0
357,NE66_537.jpg,0
358,NE66_538.jpg,0
359,NE66_539.jpg,0
360,SN13_197.jpg,0
361,SN13_198.jpg,1
362,SN13_199.jpg,1
363,SN13_200.jpg,0
364,SN13_201.jpg,1
365,SN13_202.jpg,1
366,SN13_203.jpg,1
367,SN13_204.jpg,0
368,SN13_205.jpg,1
369,SN13_206.jpg,1
370,SN13_207.jpg,0
371,SN13_208.jpg,1
372,SN13_209.jpg,0
373,SN13_210.jpg,0
374,SN13_211.jpg,0
375,SN13_212.jpg,0
376,SN13_213.jpg,1
377,SN13_214.jpg,0
378,SN13_215.jpg,0
379,SN13_216.jpg,0
380,SN13_217.jpg,1
381,SN13_218.jpg,1
382,SN13_219.jpg,1
383,SN13_220.jpg,1
384,SN13_221.jpg,1
385,SN13_222.jpg,1
386,SN13_224.jpg,1
387,SN13_225.jpg,0
388,SN13_226.jpg,0
389,SN13_227.jpg,0
390,SN13_228.jpg,0
391,SN13_229.jpg,1
392,SN13_230.jpg,1
393,SN13_231.jpg,1
394,SN13_232.jpg,0
395,SN13_233.jpg,0
396,SN13_234.jpg,0
397,SN13_236.jpg,1
398,SN13_237.jpg,1
399,SN13_238.jpg,1
400,SN13_240.jpg,1
401,SN13_241.jpg,1
402,SN13_242.jpg,1
403,SN13_243.jpg,1
404,SN13_244.jpg,1
405,SN13_245.jpg,1
406,SN13_246.jpg,1
407,SN13_247.jpg,1
408,SN13_248.jpg,1
409,SN13_249.jpg,0
410,SN13_250.jpg,1
411,SN13_251.jpg,1
412,SN13_252.jpg,1
413,SN13_253.jpg,1
414,SN13_254.jpg,1
415,SN13_255.jpg,1
416,SN13_256.jpg,0
417,SN13_257.jpg,1
418,SN13_258.jpg,1
419,SN13_259.jpg,1
420,SN6_321.jpg,1
421,SN6_322.jpg,0
422,SN6_323.jpg,1
423,SN6_324.jpg,0
424,SN6_325.jpg,1
425,SN6_326.jpg,0
426,SN6_327.jpg,0
427,SN6_328.jpg,0
428,SN6_329.jpg,0
429,SN6_330.jpg,1
430,SN6_331.jpg,0
431,SN6_332.jpg,1
432,SN6_333.jpg,0
433,SN6_334.jpg,0
434,SN6_336.jpg,0
435,SN6_337.jpg,0
436,SN6_338.jpg,0
437,SN6_339.jpg,1
438,SN6_340.jpg,1
439,SN6_341.jpg,1
440,SN6_342.jpg,1
441,SN6_343.jpg,0
442,SN6_344.jpg,0
443,SN6_345.jpg,0
444,SN6_346.jpg,1
445,SN6_347.jpg,0
446,SN6_348.jpg,0
447,SN6_349.jpg,0
448,SN6_350.jpg,1
449,SN6_351.jpg,0
450,SN6_352.jpg,0
451,SN6_353.jpg,1
452,SN6_355.jpg,1
453,SN6_356.jpg,0
454,SN6_357.jpg,0
455,SN6_358.jpg,0
456,SN6_359.jpg,0
457,SN6_361.jpg,1
458,SN6_362.jpg,0
459,SN6_364.jpg,1
460,SN6_365.jpg,1
461,SN6_367.jpg,1
462,SN6_368.jpg,1
463,SN6_369.jpg,0
464,SN6_370.jpg,0
465,SN6_371.jpg,0
466,SN6_372.jpg,0
467,SN6_373.jpg,0
468,SN6_374.jpg,1
469,SN6_375.jpg,1
470,SN6_376.jpg,0
471,SN6_377.jpg,0
472,SN6_378.jpg,0
473,SN6_379.jpg,1
474,SN6_380.jpg,1
475,SN6_381.jpg,1
476,SN6_382.jpg,1
477,SN6_383.jpg,1
478,SN6_384.jpg,0
479,SN6_385.jpg,1
480,SN6_387.jpg,0
481,SN9_261.jpg,0
482,SN9_262.jpg,0
483,SN9_263.jpg,0
484,SN9_264.jpg,0
485,SN9_265.jpg,1
486,SN9_266.jpg,0
487,SN9_267.jpg,0
488,SN9_268.jpg,0
489,SN9_269.jpg,0
490,SN9_270.jpg,0
491,SN9_272.jpg,0
492,SN9_273.jpg,0
493,SN9_274.jpg,0
494,SN9_275.jpg,0
495,SN9_276.jpg,1
496,SN9_277.jpg,0
497,SN9_278.jpg,0
498,SN9_279.jpg,1
499,SN9_280.jpg,0
500,SN9_281.jpg,0
501,SN9_282.jpg,0
502,SN9_283.jpg,0
503,SN9_284.jpg,0
504,SN9_285.jpg,0
505,SN9_286.jpg,0
506,SN9_287.jpg,0
507,SN9_288.jpg,0
508,SN9_289.jpg,0
509,SN9_290.jpg,1
510,SN9_291.jpg,0
511,SN9_292.jpg,0
512,SN9_293.jpg,0
513,SN9_294.jpg,0
514,SN9_295.jpg,0
515,SN9_296.jpg,0
516,SN9_297.jpg,1
517,SN9_298.jpg,1
518,SN9_299.jpg,0
519,SN9_300.jpg,0
520,SN9_301.jpg,1
521,SN9_302.jpg,0
522,SN9_303.jpg,0
523,SN9_304.jpg,0
524,SN9_305.jpg,1
525,SN9_306.jpg,1
526,SN9_307.jpg,0
527,SN9_308.jpg,0
528,SN9_309.jpg,0
529,SN9_310.jpg,1
530,SN9_311.jpg,1
531,SN9_312.jpg,1
532,SN9_315.jpg,1
533,SN9_317.jpg,1
534,SN9_318.jpg,0
535,SN9_320.jpg,0
,,
